id,product_id,url,alt_text,sort_order
001cef1c-f2df-462a-b150-bad884ab9af4,42179512-e7d3-42ca-8221-6c4669674844,https://tbgmkqklkshkjfhcqtzz.supabase.co/storage/v1/object/public/catalog-heroes/slu-pp-332.png,,0
00b381be-7abb-4558-9cbf-018e2c3731f4,dbb0eaa3-9064-401a-8dbb-02054e7bec4a,https://tbgmkqklkshkjfhcqtzz.supabase.co/storage/v1/object/public/catalog-heroes/thymalin.jpg,,0
0235f56a-6612-47ec-8ea3-bbd12c406aa2,956ba0da-8b25-445a-b0dd-28bd3762a4e2,https://tbgmkqklkshkjfhcqtzz.supabase.co/storage/v1/object/public/catalog-heroes/dsip-10mg.png,,0
03c065d9-48ef-4d56-aaa8-664b2fea39f0,43762e5c-21b4-43b9-a38e-21b6bbd44cb6,https://peptidepeak.online/wp-content/uploads/2025/04/dynamic-t400-400-mg-10-ml_1-800x800-1.jpg,,0
0482b156-838c-44c5-85e3-da1ed6b3f977,a8c4f9d7-4ee5-437a-9d43-07781025f9d5,https://peptidepeak.online/wp-content/uploads/2026/04/FOXO4-DRI.jpg,,0
04e933c1-42bb-4284-a5cf-26f7a6d38db5,caf566ce-fa43-4a69-a26f-edfaca228839,https://peptidepeak.online/wp-content/uploads/2026/04/BPC-157-ARGinate-Salt.jpg,,0
056ebd34-6a33-4b68-a196-b18617484108,de9cdee7-c935-4811-addb-aa50a7f1ad90,https://tbgmkqklkshkjfhcqtzz.supabase.co/storage/v1/object/public/catalog-heroes/peptide-s-10mg.png,,0
06c50dff-b5f4-4266-a826-f3a6b975ea76,8ba970a1-cf8b-47bf-8504-267d4fca5776,https://tbgmkqklkshkjfhcqtzz.supabase.co/storage/v1/object/public/catalog-heroes/pt-141.png,,0
0701ae98-04d7-428f-9742-d2446520c9d5,e0b9865a-899d-47f0-b5ce-bda6019fb09b,https://peptidepeak.online/wp-content/uploads/2025/04/dynamic-andarine-s4-25mg-50tablets_1-800x800-1.jpg,,0
072280a5-14dd-4345-adac-4c7c61e0d3df,210ebddb-3b3d-49b0-a5f3-79b20cd51546,https://tbgmkqklkshkjfhcqtzz.supabase.co/storage/v1/object/public/catalog-heroes/glp-1-c-s.png,,0
076ee232-e797-4700-9a1c-5d3e5b5e9aa8,19917634-fc56-41a7-9db8-8f33c774d45a,https://peptidepeak.online/wp-content/uploads/2026/04/BPC-157_TB-500_Product-Card_alt1.jpg,,0
07f3490a-d71d-4dc3-96da-45db49534eb8,95515a9b-891f-4a4d-ad70-c35e3252a7f6,https://peptidepeak.online/wp-content/uploads/2026/04/LIPO-B-scaled-1.png,,0
089ce1e5-3030-49a7-bb53-36f60d69ce3c,24be270f-cef8-4fa5-a5af-27ad0fac43cd,https://peptidepeak.online/wp-content/uploads/2025/04/dynamic-test-cypionate-250mg-10-ml_1-800x800-1.jpg,,0
0c203a54-600d-409d-912e-b34791231b3f,b97f5f8a-2f0b-4626-aaea-1809d0ed3a2e,https://peptidepeak.online/wp-content/uploads/2026/04/GHRP-2.jpg,,0
1261ec62-5ab4-474a-819f-a7aef1ea59a9,38c2ae99-b3c6-434c-b406-13f1cb04b245,https://peptidepeak.online/wp-content/uploads/2025/04/vita-melanotan-10mg_1-800x800-1.jpg,,0
12a00c06-1409-4e62-859f-06bcfa7f9a8d,fac477ec-1831-41e2-a5dc-3ad5fb5f0286,https://peptidepeak.online/wp-content/uploads/2026/04/BPC-157_Product-Card_alt1.jpg,,0
12a28f16-24a8-4eae-9cd1-c660f6bda9f1,bc1f3995-b956-4ee5-a097-d5b012a6d38c,https://peptidepeak.online/wp-content/uploads/2026/04/Pinealon.jpg,,0
13209d47-6ce6-4eca-948c-edab13ea2bdc,46cdacc1-cb0a-4eae-8090-eb79aefed406,https://peptidepeak.online/wp-content/uploads/2025/04/vita-tb500-5mg_1-800x800-1.jpg,,0
15d70072-7dd9-4c4d-b849-30a2ade65a0b,4b036c19-742b-4f3c-ae22-2881cf58504a,https://tbgmkqklkshkjfhcqtzz.supabase.co/storage/v1/object/public/catalog-heroes/anavar-25mg-50-tablets.png?v=1779605842,,0
16821e53-41ed-4cd6-b7af-a034f4c01535,4e26cf4d-068b-41df-92f8-b7a4c8c82a3e,https://peptidepeak.online/wp-content/uploads/2026/04/KLOW.jpg,,0
1a3cb947-c647-49c7-b889-f5c8c9789cb0,7d0c511e-b5bf-44f5-8c59-8e65d09ac1f0,https://peptidepeak.online/wp-content/uploads/2026/04/Livagen.jpg,,0
1b0003c7-bee4-4c02-aa69-ebe403066d93,485715f8-9291-473f-accd-f94f68528c61,https://peptidepeak.online/wp-content/uploads/2026/04/Updated-Kispeptin-10.jpg,,0
1b4196cd-f7af-4f18-8f30-a342a4cb56ad,2e8195eb-9e26-46e1-88ac-148525108581,https://tbgmkqklkshkjfhcqtzz.supabase.co/storage/v1/object/public/catalog-heroes/prostamax.png,,0
1b6c64fb-d054-432c-97f9-53ae45253c7a,e11880bf-9d98-4846-8484-3fa5856ce278,https://peptidepeak.online/wp-content/uploads/2026/04/GLOWBPC-157_GHK-Cu_TB-500.jpg,,0
1c16cb75-633a-4080-884d-a9e948ef3f6a,2f87b0f3-3ef1-4c30-801a-926b5ac3d9f6,https://tbgmkqklkshkjfhcqtzz.supabase.co/storage/v1/object/public/catalog-heroes/testosterone-mix-300mg.jpg,,0
20653e80-7350-4467-ab6a-fc40883d2cf3,5b45bb77-d575-4d5c-9e30-923f8c4dd11c,https://tbgmkqklkshkjfhcqtzz.supabase.co/storage/v1/object/public/catalog-heroes/thymogen.jpg,,0
2067311a-5eab-46f5-af1c-c21bd85c3770,18302a9e-c403-4c3f-bea2-43ece4346cd0,https://peptidepeak.online/wp-content/uploads/2026/04/TB-500.jpg,tb-500,0
249ff17b-8c1b-4261-9c24-2bf0f5279516,cb9c2ed8-666a-4561-9939-f650772d31f9,https://tbgmkqklkshkjfhcqtzz.supabase.co/storage/v1/object/public/catalog-heroes/5-amino-1mq-10mg.png,,0
27a6c3bf-0842-4d99-922f-00bd263a2e2c,a5d0f800-53c0-492f-8d4f-ad553716b041,https://peptidepeak.online/wp-content/uploads/2026/04/CJC-1295DAC.jpg,,0
27db3daa-086a-4e68-9ae4-4a10dcad332f,795c51c8-374d-457e-b45c-bc877f4c0845,https://peptidepeak.online/wp-content/uploads/2025/04/dynamic-sr9009-10mg-50tablets_1-800x800-1.jpg,,0
281bc0c5-d2ba-4ccc-ab7a-5822aaaea8d2,528d7da2-de58-4f6d-8339-8bc3f427df2c,https://tbgmkqklkshkjfhcqtzz.supabase.co/storage/v1/object/public/catalog-heroes/yk11-10mg-50-tablets.png,,0
2821ea3c-763e-43de-98dc-3b202f51131c,54838b35-8ef8-4fe2-9d14-23410b41408e,https://tbgmkqklkshkjfhcqtzz.supabase.co/storage/v1/object/public/catalog-heroes/peptide-c-10mg.png,,0
29bac7d2-e6ef-46fa-99f0-32cf7c9228e5,2f7d74ec-e2bc-4f93-ad97-2c53e31b6358,https://peptidepeak.online/wp-content/uploads/2026/04/SS-31-scaled-1.png,,0
2add2902-6623-41fa-9dc8-a9c4ee81e455,73b873d1-635b-44bc-905f-744b22c1dce5,https://tbgmkqklkshkjfhcqtzz.supabase.co/storage/v1/object/public/catalog-heroes/cerebrolysin.png,,0
2afad486-ae56-4371-a94b-9b3e77605c5b,d30ecc7c-ba30-4d84-9e7b-6c202c2a7346,https://peptidepeak.online/wp-content/uploads/2026/04/hexarelin.jpg,,0
2bea9dad-643f-42b7-9081-64e156ef2dde,09c2d764-2547-4a6a-b70f-1550d2d21cf7,https://tbgmkqklkshkjfhcqtzz.supabase.co/storage/v1/object/public/catalog-heroes/aicar-10mg-50-tablets.png,,0
2c0e634c-fb0f-4b18-a133-dc8f87d1c441,d0f66a8a-7269-4f1f-a8ed-c54f670f9458,https://tbgmkqklkshkjfhcqtzz.supabase.co/storage/v1/object/public/catalog-heroes/tren-e-200mg.jpg,,0
2c9bca87-577a-4347-9ead-c5da6cac5ce5,a279ae74-1533-47b0-bb14-e00c80203c43,https://tbgmkqklkshkjfhcqtzz.supabase.co/storage/v1/object/public/catalog-heroes/cjc-1295-without-dac.png,,0
2d2e4906-0705-46ec-a2be-c9af928c707c,9638e357-e368-4319-bbd6-443382eebea3,https://tbgmkqklkshkjfhcqtzz.supabase.co/storage/v1/object/public/catalog-heroes/peptide-t.png,,0
2d494d8e-0f39-41c7-bd92-a901ace6e9b5,166e59e4-dbc5-43cf-8095-4b13b1ddaaa7,https://peptidepeak.online/wp-content/uploads/2025/04/dynamic-sustanon-250mg-10-ml_1-800x800-1.jpg,,0
2d97b13a-1570-4aa0-a22a-7bd7ddff3667,7fdf8f26-9210-4e7b-9496-3d0c74f963f9,https://tbgmkqklkshkjfhcqtzz.supabase.co/storage/v1/object/public/catalog-heroes/cialis-30mg-50-tablets.png?v=1779605842,,0
2e0db8e0-d34f-47c5-9cd1-0ca521e1acf3,c2fb2dc2-8cb3-4d7c-8013-84e1fa5db6e8,https://tbgmkqklkshkjfhcqtzz.supabase.co/storage/v1/object/public/catalog-heroes/travel-cold-case.jpg,,0
2e31ec12-df74-4c04-94d9-651bb7f33bb9,cfacddc0-f4b1-4c6c-82c7-d666c1448792,https://tbgmkqklkshkjfhcqtzz.supabase.co/storage/v1/object/public/catalog-heroes/glow-10mg-70mg-10mg.png,,0
2efa9e85-dd8e-42d9-9ed8-8b16e00bf07a,963b2f48-f801-4690-b931-5cad40cb15ed,https://tbgmkqklkshkjfhcqtzz.supabase.co/storage/v1/object/public/catalog-heroes/aod9604.png,,0
2f5430ae-70a2-4b99-8b49-9ea753503c1f,4cbc381b-76ab-4a1a-9f3a-1c4781a4c46d,https://peptidepeak.online/wp-content/uploads/2026/04/Ipamorelin.jpg,,0
2f55ba66-e350-4e4a-b33c-14576b41d442,16a586f8-9761-4d6f-8b17-4ffb58d19e05,https://peptidepeak.online/wp-content/uploads/2026/04/Acetic-Acid.jpg,,0
31f6586f-fe2b-4633-998e-8a48fc0ed423,3d2cf265-7952-429f-bd65-742f17110a2e,https://peptidepeak.online/wp-content/uploads/2025/04/dynamic-test-enanthate-250mg-10-ml_1-800x800-1.jpg,,0
322944c7-3774-4677-a672-b8e0c61dbdd7,4b73d640-9b77-415a-9665-09c93fbc5f1c,https://tbgmkqklkshkjfhcqtzz.supabase.co/storage/v1/object/public/catalog-heroes/5-amino-1mq-5mg.png,,0
36398842-a440-4468-8ba6-f521f47dbf94,cc309454-f369-4db3-84d8-ae449f2fb89f,https://peptidepeak.online/wp-content/uploads/2025/04/dynamic-flibanserin-100mg-50tablets_1-800x800-1.jpg,,0
36581145-89d1-43e7-a3c3-7cde30fbf165,01958eb2-3afc-4185-949a-e96c4bfa7523,https://tbgmkqklkshkjfhcqtzz.supabase.co/storage/v1/object/public/catalog-heroes/peptide-s.png,,0
36d0cb9a-88d4-4b94-872b-a51322aa43ea,040362af-6a5a-4f8a-9206-dd1b8bc18ce7,https://tbgmkqklkshkjfhcqtzz.supabase.co/storage/v1/object/public/catalog-heroes/nad-plus.png,,0
3764828b-afe5-4ddd-9dd9-6c04d1fd40bb,40c10a1d-7952-4831-9231-0ddb7df47e97,https://tbgmkqklkshkjfhcqtzz.supabase.co/storage/v1/object/public/catalog-heroes/peptide-t-60mg.png,,0
38698e77-da58-4d8e-a508-bd5f5839112a,e6091f6f-57a2-4d48-8e11-e076b897d9ba,https://tbgmkqklkshkjfhcqtzz.supabase.co/storage/v1/object/public/catalog-heroes/peptide-t-15mg.png,,0
3ac5e3e5-3d8d-49df-9aa9-411117e8691f,ddc48556-2dd7-4a75-9f4c-39efa8c1fa7f,https://tbgmkqklkshkjfhcqtzz.supabase.co/storage/v1/object/public/catalog-heroes/viagra-50mg-50-tablets.png,,0
3b0b18a0-a7d9-44b4-9795-b08652427340,a2532583-e241-4661-8e68-94f21f981823,https://tbgmkqklkshkjfhcqtzz.supabase.co/storage/v1/object/public/catalog-heroes/mt-2-melanotan-2-acetate.png,,0
3d7158b2-b866-4278-9171-87626996d008,3f27bd41-1363-4872-9b5b-fef344af3e7c,https://tbgmkqklkshkjfhcqtzz.supabase.co/storage/v1/object/public/catalog-heroes/aromasin-25mg-50-tablets.png?v=1779605842,,0
3e812c07-7962-49b5-aaf0-6908f69a451b,56309845-e8a2-4804-a1fc-aafbceae3a7d,https://peptidepeak.online/wp-content/uploads/2025/04/dynamic-anavar-10mg-60tablets_1-800x800-1.jpg,,0
40899c4c-e899-4ca2-b4be-466625e55a2f,8930d87c-b948-466f-a75e-fac7eb7c957f,https://tbgmkqklkshkjfhcqtzz.supabase.co/storage/v1/object/public/catalog-heroes/vilon.png,,0
4148c2e2-41c9-40a3-a507-83bd19f5bde5,381d2c9e-959e-427d-ba4d-9a54fcdba0db,https://tbgmkqklkshkjfhcqtzz.supabase.co/storage/v1/object/public/catalog-heroes/hcg.png,,0
41c1d66b-58bf-4d4c-851d-cd01f078f20e,f6e55717-5fe6-4342-9330-94bc3d21df18,https://tbgmkqklkshkjfhcqtzz.supabase.co/storage/v1/object/public/catalog-heroes/thymosin-a1-10mg.png,,0
41df2c01-6aa9-4f5a-b05b-03b943b3004e,9aa870b3-5a28-4c56-b1bc-bf04d15f7a1c,https://tbgmkqklkshkjfhcqtzz.supabase.co/storage/v1/object/public/catalog-heroes/win-depot-50mg.png,,0
422c7dec-f9fd-4c81-bdc1-7edaa4c33cea,df77bc2a-4ad4-4f29-ad8b-c6b845574f35,https://peptidepeak.online/wp-content/uploads/2025/04/dynamic-rad140-10mg-50tablets_1-800x800-1.jpg,,0
43960db4-5957-4dc6-a692-cdbb5fcf319c,56cfa5d3-e011-4271-919e-2181425b4636,https://peptidepeak.online/wp-content/uploads/2025/04/dynamic-masteron-enanthate-200mg-10-ml_1-800x800-1.jpg,,0
43bd4c0d-fd9b-4995-a053-1ae881a1af39,c8d2e746-9253-4c04-be38-c5ff6909fd29,https://peptidepeak.online/wp-content/uploads/2025/04/fusion-nandrolone-decanoate-300-mg-10-ml_1-800x800-1.jpg,,0
43f9497e-e1c2-413e-a2c5-66d1cebf223c,9774bceb-641a-452b-8a23-ed11b5371368,https://peptidepeak.online/wp-content/uploads/2026/04/MT-1-scaled-1.png,,0
44e654c5-18ad-46d4-9a6a-ecad2034f154,fa42f4c7-8839-4865-b8da-e647b8add3fb,https://peptidepeak.online/wp-content/uploads/2025/04/dynamic-t3-25mcg-50-tablets_1-800x800-1.jpg,,0
45c0654b-8f44-4645-b98a-eddcc74a28ed,dedd5761-b04b-494d-b1d6-59d44797ac9a,https://tbgmkqklkshkjfhcqtzz.supabase.co/storage/v1/object/public/catalog-heroes/portable-insulin-cooler.png,,0
472acab2-9a2d-4675-a394-6e12d460362c,18bc7304-f69b-4e08-9440-a8ff10b1e4c0,https://tbgmkqklkshkjfhcqtzz.supabase.co/storage/v1/object/public/catalog-heroes/fat-blaster-lc526.png,,0
47c5eb68-4e02-4ac2-8739-35ff3a761cbc,dc0fd881-638e-405f-98d2-418db65d8b38,https://tbgmkqklkshkjfhcqtzz.supabase.co/storage/v1/object/public/catalog-heroes/5-amino-1mq.png,,0
47fdde83-3c71-4c40-ba98-1f2a8b265ad7,1c9728eb-b168-4e25-9152-42d62c699ef2,https://peptidepeak.online/wp-content/uploads/2025/04/dynamic-masteron-p-100mg-10-ml_1-800x800-1.jpg,,0
4804ad91-4819-45ba-bec4-0d9fe087c5f1,4153c223-1e26-4e94-814f-2f9e5dd987b3,https://tbgmkqklkshkjfhcqtzz.supabase.co/storage/v1/object/public/catalog-heroes/testosterone-enanthate-300mg.jpg,,0
489b7bca-f103-4a4c-b8b5-85051dab2c72,c591d906-7f31-4e68-9c53-5965cb30bd05,https://peptidepeak.online/wp-content/uploads/2025/04/dynamic-gw-501516-10mg-50tablets_1-800x800-1.jpg,,0
49039b5b-b4f8-4cb4-9c31-99608ed475fc,6509205e-91c0-4942-bf34-4ca3e0a84fd3,https://peptidepeak.online/wp-content/uploads/2025/04/fusion-primobolan-100-mg-10-ml_1-800x800-1.jpg,,0
49a7284e-e018-42eb-844b-54c4f6a63e1f,ba52ae6c-121f-4f34-8b38-9e4a52db09b7,https://peptidepeak.online/wp-content/uploads/2025/04/vita-cjc1295-with-dac-2mg_1-800x800-1.jpg,,0
4abd7fdb-205b-4e4f-9fbe-51fafb45e242,7e17e3d0-933f-43b9-a736-61b8d5b1d735,https://peptidepeak.online/wp-content/uploads/2026/04/Cortagen.jpg,,0
4b449ef6-8e45-45f0-9c32-a8552ac2fefb,29637bd6-120e-496e-8700-502baf1a4bed,https://peptidepeak.online/wp-content/uploads/2026/04/N-Acetyl-Semax-Amidate.jpg,,0
4c48bae8-e64a-4c15-b50f-d9ece051bf59,f6abcac6-871e-4954-87e6-6ed8c24291bc,https://peptidepeak.online/wp-content/uploads/2026/04/AOD9604-scaled-1.png,,0
4d037d5b-49c5-4109-97f0-188e7f71cdb4,101ab42b-4d67-4512-9b28-a7af9e41e8b5,https://tbgmkqklkshkjfhcqtzz.supabase.co/storage/v1/object/public/catalog-heroes/hgh-fragment-176-191.png,,0
4e7f49d1-c60b-4e8e-8c9b-78ad70281969,aba2fb53-1d7c-48ab-89e4-0d1393750d88,https://peptidepeak.online/wp-content/uploads/2025/04/fusion-testosterone-400-400mg-10ml_1-800x800-1.jpg,,0
4fe981b5-e584-4742-aa13-81130f1f2f1d,72e2eb1e-0d34-40bc-af83-072a9b6b82f8,https://peptidepeak.online/wp-content/uploads/2025/04/dynamic-dianabol-20mg-50-tablets_1-800x800-1.jpg,,0
50155d38-0dc0-4613-a51a-e3267de58bc5,1b7600b5-b49c-40c5-b02a-5e8a4b8c7b02,https://tbgmkqklkshkjfhcqtzz.supabase.co/storage/v1/object/public/catalog-heroes/glp-1-c.png,,0
5032348f-feec-4cf5-b619-5f0c1f3b0c8e,e7410f24-a94d-409f-8627-2c3220cfa457,https://tbgmkqklkshkjfhcqtzz.supabase.co/storage/v1/object/public/catalog-heroes/epitalon-50mg.png,,0
50aa40c3-4f74-4e85-9b16-e5701896bfc4,b12ffb6c-6d5c-46ae-b7b0-814379ec3f26,https://peptidepeak.online/wp-content/uploads/2026/04/LIPO-C-scaled-1.png,,0
5428fa8f-4b9a-4644-9cb1-40ecc0ae99cc,ed94f42a-55dd-4529-9db9-d326068c5277,https://peptidepeak.online/wp-content/uploads/2025/04/fusion-boldenone-undecylenate-300mg-10ml_1-800x800-1.jpg,,0
54c2282d-ae02-4c7c-aeb7-9bc37b05eea2,64e023bb-b2fb-44e0-a4f1-eb0385185149,https://tbgmkqklkshkjfhcqtzz.supabase.co/storage/v1/object/public/catalog-heroes/pt-141-10mg.png,,0
569ddadf-ed76-4dc8-a2d2-16a13fe384f4,79e9e155-dc7c-4e0f-b70e-94ddf0fa9aac,https://peptidepeak.online/wp-content/uploads/2026/04/Tesamorelin.jpg,,0
56b32d61-d6ef-41cd-a1b4-7dad01f2989d,cb94eec1-7fd3-41f7-ab49-129efca98bbe,https://peptidepeak.online/wp-content/uploads/2026/04/HGH176-191.jpg,,0
59785177-459a-4d92-a63d-e64a091cd9ba,5800faa5-174d-41b3-9870-4d000947794c,https://peptidepeak.online/wp-content/uploads/2025/04/fusion-d-bol-25mg-50-tablets_1-800x800-1.jpg,,0
5be0ae5c-7e2c-4353-bcfc-a3dce97378a1,b2f9d6d1-857c-4b61-a04d-fdf34c4bf0bd,https://tbgmkqklkshkjfhcqtzz.supabase.co/storage/v1/object/public/catalog-heroes/cjc-1295-with-dac.png,,0
5d5fd8cf-d8cd-42f9-8996-2f0c37e2b5c8,01f6f31a-daed-4a93-8cee-de6e458fb91d,https://tbgmkqklkshkjfhcqtzz.supabase.co/storage/v1/object/public/catalog-heroes/peptide-t-30mg.png,,0
5d649020-34d8-42bd-ae1e-50f15508839a,031894b4-90eb-485d-920b-93cec1cf661e,https://tbgmkqklkshkjfhcqtzz.supabase.co/storage/v1/object/public/catalog-heroes/testosterone-trenbolone-400mg.jpg,,0
5d9c8d60-445f-4217-80e5-371e69ca8e09,ad15fdb9-4a86-41de-a6c3-b9d7b318b299,https://tbgmkqklkshkjfhcqtzz.supabase.co/storage/v1/object/public/catalog-heroes/oxytocin.png,,0
60996025-d06c-4ea7-91b8-66f497d889e4,305762d6-9aad-4098-9f9c-47bb274b7c6d,https://tbgmkqklkshkjfhcqtzz.supabase.co/storage/v1/object/public/catalog-heroes/peptide-c-20mg.png,,0
61cd39d8-e4a6-40c8-9dff-8d73f49fa8cd,7a948b8c-62ad-47b8-b51e-b9b436dee5ff,https://tbgmkqklkshkjfhcqtzz.supabase.co/storage/v1/object/public/catalog-heroes/tudca.png,,0
62e7809f-33c7-4c24-b9b7-87f947875aa7,1cf07a42-1d3d-4746-b497-18ec5e405530,https://peptidepeak.online/wp-content/uploads/2026/04/CJC-1295-2.jpg,,0
630b2919-5c19-4fc7-941f-33701ac907de,c33be6ed-f09a-48e4-b9a8-f79d977c936c,https://peptidepeak.online/wp-content/uploads/2026/04/Follistatin-344.jpg,,0
636621a9-6b84-4504-bfb9-f41ccdbfeb1f,40f1c7dd-f3e3-4240-bb7f-a5ecc84cfebd,https://peptidepeak.online/wp-content/uploads/2025/04/fusion-npp-150mg-10-ml_1-800x800-1.jpg,,0
67f4c8f8-5535-416b-a6f6-e14e849f9a4b,139801f1-4514-43ca-a942-b5ef4fe55d27,https://peptidepeak.online/wp-content/uploads/2026/04/Glutathione.jpg,,0
683d521c-418a-444a-9772-17dea232cf13,b11d3e7d-8cca-4ace-bed9-8c292c0d8413,https://tbgmkqklkshkjfhcqtzz.supabase.co/storage/v1/object/public/catalog-heroes/peptide-r-50mg.png,,0
68ad258a-d5f5-415a-91fb-7d3c9c49f603,7b6abe98-6a0f-498a-b61e-b41f9ececf4b,https://peptidepeak.online/wp-content/uploads/2026/04/TB-500.jpg,,0
6940548c-573d-4fd9-9348-91c0f97a42df,c0c28c58-5bc0-4a43-a237-06a1650b93c2,https://peptidepeak.online/wp-content/uploads/2025/04/dynamic-superdrol-10mg-50tablets_1-800x800-1.jpg,,0
698cbc6e-7a13-4d35-9f4a-c5dc27e360f0,b67bf669-c452-4ff9-9d1a-effd1138220d,https://peptidepeak.online/wp-content/uploads/2026/04/BPC-157_TB-500TB4.jpg,,0
6a21f7a7-5339-4be6-8b70-9b3b33ecaa14,2972a30d-9808-439e-9a6b-dfddca869121,https://tbgmkqklkshkjfhcqtzz.supabase.co/storage/v1/object/public/catalog-heroes/hgh-191aa-somatropin.png,,0
6a818e9c-6a6b-4ea0-a28c-68508ccf7519,60630d03-6ef4-4dcf-aebb-6d7d64d81b2e,https://tbgmkqklkshkjfhcqtzz.supabase.co/storage/v1/object/public/catalog-heroes/vesugen.png,,0
6d39ae9b-31ec-40b5-97bf-154b6514d14e,e9b3e0dd-e851-4cb7-9ce9-59680309ec77,https://tbgmkqklkshkjfhcqtzz.supabase.co/storage/v1/object/public/catalog-heroes/glutathione-1200mg.png,,0
6d3bab2f-853d-4b75-ac31-6ea536ee609b,c9d90385-324b-42cc-b918-4b49faa902fb,https://peptidepeak.online/wp-content/uploads/2026/04/Semax_Product-Card_alt1.jpg,,0
6e5e6cf8-f85b-4a57-89ab-f56741376dff,d6f60709-909f-451d-8bfd-f2363ca14e67,https://peptidepeak.online/wp-content/uploads/2025/04/fusion-superdrol-25mg-50-tablets_1-800x800-1.jpg,,0
6e8d5c59-bfc1-4265-8bfe-551ed0b7a3c3,c291dd35-c940-459b-845c-bbb70342dfa4,https://peptidepeak.online/wp-content/uploads/2025/04/fusion-clomid-50mg-50-tablets_1-800x800-1.jpg,,0
6e934dd1-18a6-4bcb-bd13-083d7fadf7c8,7914a4cb-4d93-4493-9cf1-356c3335741e,https://tbgmkqklkshkjfhcqtzz.supabase.co/storage/v1/object/public/catalog-heroes/peptide-c.png,,0
6f5d3321-119d-42ce-a3d4-3559e1ed9f05,a93d27fc-0c11-4c0f-a4f9-5e130b45ad2c,https://tbgmkqklkshkjfhcqtzz.supabase.co/storage/v1/object/public/catalog-heroes/glp-3-r.png,,0
71686c79-cc41-43cc-ab42-992250ab69f9,6d3cf2ac-3325-44b6-b6b8-5ccddbeb9e01,https://tbgmkqklkshkjfhcqtzz.supabase.co/storage/v1/object/public/catalog-heroes/peptide-m-15mg.png,,0
72f57b76-96d8-487b-af87-682b2c0c24c8,8724211c-55c5-4318-a79a-0f892f42cc0c,https://tbgmkqklkshkjfhcqtzz.supabase.co/storage/v1/object/public/catalog-heroes/ss-31.png,,0
734ace1c-4d66-46b0-912d-c49b59125505,092419d6-c889-491d-a090-2d286e9520f7,https://tbgmkqklkshkjfhcqtzz.supabase.co/storage/v1/object/public/catalog-heroes/nad-nicotinamide-adenine-dinucleotide.png,,0
75a6c2e2-4810-46c2-b8e2-2dc08fed652d,85eced6d-c269-4c7b-9579-f0839ef2b756,https://peptidepeak.online/wp-content/uploads/2026/04/MT-2-scaled-1.png,,0
76eebaa8-d9b7-415b-b0b9-a386289eaead,a6b79f90-25d4-46c5-8b73-586ccd67c505,https://peptidepeak.online/wp-content/uploads/2025/04/dynamic-proviron-20mg-50-tablets_1-800x800-1.jpg,,0
7ba004e2-27c3-49b1-b41f-df66d9031afb,9c33354b-52c8-4498-8637-1c3039118e05,https://tbgmkqklkshkjfhcqtzz.supabase.co/storage/v1/object/public/catalog-heroes/methylene-blue.png,,0
7c058eaa-507b-4562-9286-464174f7a940,e6419be1-8d75-45a5-aeeb-ab54a043f1b1,https://peptidepeak.online/wp-content/uploads/2026/04/CJC-1295DAC_Ipamorelin-1.jpg,,0
7ee291aa-66bc-424a-adf9-683941b00820,ace29784-310d-4675-88c4-87967b2d2afa,https://peptidepeak.online/wp-content/uploads/2026/04/Semax-scaled-1.png,,0
82fe72e0-ff0a-4e73-9e43-e2418960f2c8,ce1672ba-ad97-4bb1-80e0-a224422905f6,https://peptidepeak.online/wp-content/uploads/2026/04/BPC-157_TB-500-1.jpg,,0
83b984e7-bf8e-4765-80dd-5c3b3bd0f66c,85af1c22-db75-4f11-9dfc-0a4b5b720475,https://tbgmkqklkshkjfhcqtzz.supabase.co/storage/v1/object/public/catalog-heroes/hmg.png,,0
843f5def-fd3b-4d94-8af4-d6cdcba7f978,ff547b4c-ea9e-42f5-8267-a83142ad8d5d,https://peptidepeak.online/wp-content/uploads/2026/04/IGF-1-LR3.jpg,,0
865da5ab-cb04-41b4-a550-a2f55593aaf3,305e1ef4-136a-40c8-8a7d-67b6dedabfba,https://tbgmkqklkshkjfhcqtzz.supabase.co/storage/v1/object/public/catalog-heroes/lc-216-lipo-b-formulation.png,,0
8745a9fb-e814-42fd-a798-8cc4f0198e51,75b9aac2-271b-4a27-8996-9015658cbc84,https://tbgmkqklkshkjfhcqtzz.supabase.co/storage/v1/object/public/catalog-heroes/sermorelin-acetate.png,,0
88511073-5488-4cf5-a88b-3d18b3b6ed20,45141802-c832-4e72-a82c-acfa4fb251f1,https://peptidepeak.online/wp-content/uploads/2026/04/N-Acetyl-Selank.jpg,,0
893b77fc-d55b-4e50-83b2-76b6cada2446,921b7494-197f-4c06-a86c-bc5c33039016,https://peptidepeak.online/wp-content/uploads/2026/04/LL-37.jpg,,0
8d57c9ef-8694-4144-813e-3dc0a63cb995,7a17866c-94c0-4a0b-a8e7-84af2cac4616,https://peptidepeak.online/wp-content/uploads/2025/04/3ml-bd-luer-lok-syringe-10pack_1-800x800-1.jpg,,0
8d7d82af-f98a-4270-b99d-6efb03138a12,209d9686-aad9-4825-bf06-6ead119314aa,https://peptidepeak.online/wp-content/uploads/2026/04/Chonluten.jpg,,0
8f96d805-93aa-4239-90a2-35ab33db20f6,d27582d4-8c2f-4ea8-b66f-30d60ba86e45,https://tbgmkqklkshkjfhcqtzz.supabase.co/storage/v1/object/public/catalog-heroes/turinabol-20mg-50-tablets.png,,0
9001b8cc-4364-4299-a0de-8495ac4247a9,14c1df66-ef1f-4522-a270-d1c3ecd2faed,https://tbgmkqklkshkjfhcqtzz.supabase.co/storage/v1/object/public/catalog-heroes/accutane-20mg-50-tablets.png?v=1779605842,,0
92fd3ae9-e9ca-4e95-8fcf-c68501fc4ca5,decdf5ce-c378-4c95-949b-cdafcf00c675,https://peptidepeak.online/wp-content/uploads/2026/04/TB-500TB4.jpg,,0
950798cb-7860-4ce5-b282-8c6605c54243,be021e68-df26-4413-907a-7d129e889658,https://peptidepeak.online/wp-content/uploads/2026/04/CJC-IPA-1-scaled-1.png,,0
95c6942b-0e1d-4def-83c9-8d4ccfa35963,821d76ea-aac1-406d-8095-b35923df9d1f,https://tbgmkqklkshkjfhcqtzz.supabase.co/storage/v1/object/public/catalog-heroes/peptide-m.png,,0
9723b8ce-bc2e-43af-a723-937487899808,c2ca28c0-920e-4bb1-9f56-962774ac53cc,https://peptidepeak.online/wp-content/uploads/2025/04/fusion-testosterone-cypionate-300mg-10-ml_1-800x800-1.jpg,,0
98a2a649-8800-41c3-a2c8-1614c23fd1df,2f16536c-4d04-4584-8eeb-2ee762a0b746,https://tbgmkqklkshkjfhcqtzz.supabase.co/storage/v1/object/public/catalog-heroes/cagrilintide.png,,0
997272d7-af16-46e3-ac46-b021e0a997ea,6c65b6e2-db2b-4886-9998-e824842a4ce7,https://peptidepeak.online/wp-content/uploads/2026/04/Dihexa.jpg,,0
9a75443c-1ada-4b7b-8da5-82e50f21bb9f,425c1f13-dedf-4018-8a0c-61f206b491c2,https://tbgmkqklkshkjfhcqtzz.supabase.co/storage/v1/object/public/catalog-heroes/clenbuterol-100mcg-50-tablets.png?v=1779605842,,0
9c2e6e1a-cc04-486a-a821-08726b336152,43efe68b-2242-4720-a722-c25dccf83610,https://tbgmkqklkshkjfhcqtzz.supabase.co/storage/v1/object/public/catalog-heroes/testosterone-undecanoate-250mg.jpg,,0
9d1882d0-487b-4564-8769-497e89ce3170,7a91f58f-85b2-41be-94a1-54e355392d2d,https://tbgmkqklkshkjfhcqtzz.supabase.co/storage/v1/object/public/catalog-heroes/ovagen.png,,0
9d6eaf4b-f87a-4b00-9e59-f6ec0d58d4e9,2c2fdb28-e9ca-4618-8461-6645bf253392,https://tbgmkqklkshkjfhcqtzz.supabase.co/storage/v1/object/public/catalog-heroes/peptide-su.png,,0
9e862ed2-5960-417a-9e2b-0b11ab4b25a5,c1ed92db-8c01-4994-85ab-09100f933089,https://tbgmkqklkshkjfhcqtzz.supabase.co/storage/v1/object/public/catalog-heroes/gonadorelin.png,,0
a12845ea-2dc2-44ac-93d6-086a84a0317b,21c8c418-c533-4666-8a18-b42884c9d952,https://peptidepeak.online/wp-content/uploads/2026/04/Epitalon-10-single-scaled-1.png,,0
a130ae16-a6ef-4794-bb0c-89b5b3324df2,f9d8d460-4398-4dcd-8d4e-e3b9ca76b167,https://tbgmkqklkshkjfhcqtzz.supabase.co/storage/v1/object/public/catalog-heroes/insulin-syringes-10-pack.png,,0
a294bf65-360b-4e83-b90e-184b9d70d291,0516304f-fe01-46d4-a797-cd8b8cb43563,https://peptidepeak.online/wp-content/uploads/2025/04/dynamic-lgd-4033-10mg-50tablets_1-800x800-1.jpg,,0
a409e916-b99c-4458-8a39-56d0da68b7eb,bf705aa9-5e8d-4d0a-b6be-6f4d44074f99,https://tbgmkqklkshkjfhcqtzz.supabase.co/storage/v1/object/public/catalog-heroes/arimidex-1mg-50-tablets.png?v=1779605842,,0
a56b697a-94a8-4c86-aa1d-594542508089,bf8c53e3-6f08-40da-a5cc-f54efa00e8b0,https://tbgmkqklkshkjfhcqtzz.supabase.co/storage/v1/object/public/catalog-heroes/winstrol-20mg-50-tablets.png,,0
a6248cfd-ad92-4598-9c41-94771e1037ac,31abda81-bca5-4a46-a4e4-c2bccffc9a8a,https://tbgmkqklkshkjfhcqtzz.supabase.co/storage/v1/object/public/catalog-heroes/snap-8-10mg.png,,0
a6ce0fc0-3db2-4a5c-9fae-fd214ce6f63d,a4a40123-48fb-49fc-b6de-8a58eea0f688,https://tbgmkqklkshkjfhcqtzz.supabase.co/storage/v1/object/public/catalog-heroes/retatrutide.png,,0
a6de586f-f434-4db2-b973-a6fd92b053b0,41ac2dfc-6859-42c3-8c52-3ea6d04f9ec8,https://tbgmkqklkshkjfhcqtzz.supabase.co/storage/v1/object/public/catalog-heroes/pnc-27.png,,0
a79de794-6f79-41cb-9eee-481791117f09,263457bd-a2a2-40ed-86a5-c0b47dc7ba25,https://peptidepeak.online/wp-content/uploads/2025/04/dynamic-anavar-20mg-50-tablets_1-800x800-1.jpg,,0
a8f4e458-6166-4691-8296-9b00481c999b,73b06c59-495e-4845-8d47-91f711c45c5a,https://peptidepeak.online/wp-content/uploads/2025/04/dynamic-primo-100mg-10-ml_1-800x800-1.jpg,,0
a97c4a8a-201a-40a5-9fff-fea1f7f3771a,e4c4454e-d1ab-480d-925d-ff7126513c58,https://tbgmkqklkshkjfhcqtzz.supabase.co/storage/v1/object/public/catalog-heroes/cialis-25mg-50-tablets.png?v=1779605842,,0
aa1a1b35-1c20-4242-a74a-f4847472f5e1,fe8e8599-b7fa-4b85-ac42-84553cf7b956,https://tbgmkqklkshkjfhcqtzz.supabase.co/storage/v1/object/public/catalog-heroes/trenbolone-enanthate-200mg.png,,0
aa4612ae-0197-4813-8902-12213537c4cc,176e63c9-7204-4368-b510-0b872896beea,https://peptidepeak.online/wp-content/uploads/2025/04/fusion-halo-10mg-50-tablets_1-800x800-1.jpg,,0
aafb0c29-24cb-48bd-b7a7-0b82708a5347,bd5fdf7e-cb76-48e5-bd96-b57dbec72df2,https://tbgmkqklkshkjfhcqtzz.supabase.co/storage/v1/object/public/catalog-heroes/tb-500-10mg.png,,0
ae6e1863-33ea-4193-8721-409ace147705,d6ad9071-13bb-46dc-aa1e-63f8d12dee32,https://tbgmkqklkshkjfhcqtzz.supabase.co/storage/v1/object/public/catalog-heroes/cjc-1295-without-dac-ipa-5mg.png,,0
b0453da7-b3d4-4cc9-8b81-08d693c5482a,e4489d3c-18ee-41d1-bbac-2dd91471d36d,https://peptidepeak.online/wp-content/uploads/2026/04/Glow-Featured.jpg,,0
b14abfed-dc19-40ad-9206-426f2bb2f3ea,9e9d68e0-ed90-45dd-a879-c0f0ed3f845b,https://peptidepeak.online/wp-content/uploads/2026/04/GDF-8.jpg,,0
b2250f87-66f2-43f3-a0f0-7eccdf0e307d,d4948ea0-c06e-4907-90e4-4b28481512ac,https://peptidepeak.online/wp-content/uploads/2025/04/fusion-nolvadex-25mg-50-tablets_1-800x800-1.jpg,,0
b25f2233-55f3-4f76-ad4b-db9c2e4c2758,ce346c07-489c-4579-8f65-561602654920,https://peptidepeak.online/wp-content/uploads/2025/04/fusion-drostanolone-propionate-100mg-10-ml_1-800x800-1.jpg,,0
b29823c6-4c06-41eb-8a51-9e49ba965c5d,48e4317f-f133-4590-bc3e-5391eb25600d,https://tbgmkqklkshkjfhcqtzz.supabase.co/storage/v1/object/public/catalog-heroes/peptide-31-60mg.png,,0
b323a8e2-e378-4af4-92e6-683bec22c143,46272bb6-3da3-4e7e-a61d-8c7b0fe5bd4f,https://tbgmkqklkshkjfhcqtzz.supabase.co/storage/v1/object/public/catalog-heroes/tirzepatide.jpg,,0
b6517029-5969-4a46-87b0-34d7d60e79a2,723a0217-dd97-478a-a750-d52c115667e3,https://peptidepeak.online/wp-content/uploads/2025/04/cml_img-sku-800x800-1.jpg,,0
b7aefe1c-cbfa-48e5-9db2-b480483f1622,1de74b76-48ce-4c9e-86ec-8d4f12049c3d,https://peptidepeak.online/wp-content/uploads/2026/04/N-Acetyl-Epithalon.jpg,,0
b80813f3-e94b-4436-b723-88389bf91e83,2b39d80c-5c39-44b1-96e3-2dcbde46f14f,https://tbgmkqklkshkjfhcqtzz.supabase.co/storage/v1/object/public/catalog-heroes/peptide-cs.png,,0
b87f6f95-bd2a-4d76-a3a1-ef617af95cad,84bac2ad-fa62-4aa0-9752-679b322d837b,https://peptidepeak.online/wp-content/uploads/2026/04/ARA-290Cibinetide.jpg,,0
b88d4140-d9f1-45bf-ba1a-57f35a766d51,b7840511-1a3a-4896-a497-7fa88d9101d2,https://peptidepeak.online/wp-content/uploads/2026/04/Melanotan-2.jpg,,0
baff070e-0ee0-4f58-a65a-8b27de1fce44,8697cfe5-41f0-4321-9c6b-7ec731c03702,https://tbgmkqklkshkjfhcqtzz.supabase.co/storage/v1/object/public/catalog-heroes/mots-c.png,,0
bb1a0efc-c039-4a59-9636-dfc0c24c63e2,4e0f5398-f2a7-4d47-97b8-c30bb018238d,https://tbgmkqklkshkjfhcqtzz.supabase.co/storage/v1/object/public/catalog-heroes/bpc-157-tb-500-5mg-5mg.png,,0
bce2677f-d2c8-4da8-bfac-c8a79a34a5a7,5062af94-e313-441f-b8bb-fe21bf8eb7c6,https://tbgmkqklkshkjfhcqtzz.supabase.co/storage/v1/object/public/catalog-heroes/bam15.png,,0
bd26b68c-bd0e-460d-ac82-1d84f8127741,9d1b132c-5048-42b5-af48-b7bf30d713eb,https://peptidepeak.online/wp-content/uploads/2026/04/Tesa5-scaled-1.png,,0
c045596c-d493-43d5-b70c-501cdf66a910,6aac6f55-fe4a-40b4-9716-ecf125aca2cc,https://peptidepeak.online/wp-content/uploads/2026/04/Sermorelin-scaled-1.png,,0
c1e4125c-9227-4898-a825-b7a1d52781e0,939e021f-d69b-4d10-a147-a55637c73dce,https://peptidepeak.online/wp-content/uploads/2026/04/Follistatin-315.jpg,,0
c235363f-8782-475a-b0be-be60fdc4a7d1,1324aaa3-403d-4d0b-89e4-50d041a96953,https://peptidepeak.online/wp-content/uploads/2026/04/TB-500_Product-Card_alt1.jpg,,0
c388a1ab-3fc4-4c58-8fdb-000d80f58091,73e21165-85a7-4579-af66-19ed40ca1c41,https://peptidepeak.online/wp-content/uploads/2026/04/MK-677.jpg,,0
c5489e7c-a400-4fe2-80d5-2ef45a85a715,704d07c1-e832-41a7-a6b4-57ec8c308ce8,https://peptidepeak.online/wp-content/uploads/2026/04/Selank.jpg,,0
c56c3bb6-851d-4d27-948b-1e092b1bf805,760c060e-9337-4089-9e85-359d95cfab30,https://peptidepeak.online/wp-content/uploads/2025/04/dynamic-nolvadex-25mg-50-tablets_1-800x800-1.jpg,,0
c7657058-5c4a-4e95-a3fd-02d26ebbd21d,7afcbfea-5fe0-42df-b004-93a6cbf236a4,https://peptidepeak.online/wp-content/uploads/2026/04/DSIP-3.jpg,,0
c8aa9f95-7c3f-4768-be9f-fe2122c40a26,4e686b00-5cf1-455a-8c89-92a0cf9e59fe,https://peptidepeak.online/wp-content/uploads/2026/04/GLOWPLUS.jpg,,0
c8ce65cf-7626-46b8-a7b4-2513b1ba705f,b493025b-3f17-47ed-9f55-621ccccfea16,https://tbgmkqklkshkjfhcqtzz.supabase.co/storage/v1/object/public/catalog-heroes/reconstitution-solution-30ml.png,,0
c981b443-acef-4442-bfd2-2c8d773a335a,6c13f3f7-3acb-40e2-be66-7f83fbd8aff3,https://peptidepeak.online/wp-content/uploads/2025/04/dynamic-mk-677-10mg-50tablets_1-800x800-1.jpg,,0
cb5c6a0d-0ab0-4afd-947b-95f26a102651,89ba3d25-ae02-4648-85ff-5360d032f26e,https://tbgmkqklkshkjfhcqtzz.supabase.co/storage/v1/object/public/catalog-heroes/aicar.png,,0
cba502bb-44ab-421c-a2b5-d40a8846c2ba,20a2c5b9-b038-4540-9160-7f38de12e220,https://tbgmkqklkshkjfhcqtzz.supabase.co/storage/v1/object/public/catalog-heroes/bacteriostatic-water-30ml.png,,0
cc02017e-a193-4d14-9749-cad7bf306223,997286a1-2212-4de6-ba18-6c53c38c9d9b,https://peptidepeak.online/wp-content/uploads/2026/04/PEG-MGF.jpg,,0
cc34a7e2-a3a2-49c4-b6a0-21a5a343fee3,e6d9aa25-fb83-4fb5-8c7e-2e953da9b8ce,https://peptidepeak.online/wp-content/uploads/2026/04/GHRP-6.jpg,,0
cc5176f7-6b56-4637-bc05-d04c04ab338f,78bbbfec-e866-41dd-b8cb-7711f758f02e,https://tbgmkqklkshkjfhcqtzz.supabase.co/storage/v1/object/public/catalog-heroes/thymosin-a1.jpg,,0
ceae6517-4a15-4833-b2e5-30af7d659b52,13429885-ba1b-45b9-9cc3-0f97d39b3c64,https://tbgmkqklkshkjfhcqtzz.supabase.co/storage/v1/object/public/catalog-heroes/ahk-cu.png,,0
cfd23a88-39c6-4796-915c-be673756e141,e20b6136-0c97-4fec-9943-3155f4cbc4b0,https://tbgmkqklkshkjfhcqtzz.supabase.co/storage/v1/object/public/catalog-heroes/free-acetic-acid-0-6-3ml.png,,0
d34ec5dc-1369-4b9c-affe-b3470f1f68d5,11b35d01-c2bf-46f7-b9f2-f995a50858b8,https://peptidepeak.online/wp-content/uploads/2025/04/dynamic-test-propionate-100mg-10-ml_1-800x800-1.jpg,,0
d38903f8-702a-4566-92e7-3cce0945cb82,a7f752dc-616a-4c76-9fe6-ad0802d52976,https://tbgmkqklkshkjfhcqtzz.supabase.co/storage/v1/object/public/catalog-heroes/anadrol-50mg-50-tablets.png,,0
d434678f-93db-491a-a5f0-159de808e3d7,98f10e5a-1fe8-46fa-84f2-175c047e1d6d,https://peptidepeak.online/wp-content/uploads/2025/04/fusion-proviron-25mg-50-tablets_1-800x800-1.jpg,,0
d4bd2591-fc4c-4028-8930-4ca1450876bb,b1c933b3-dfda-4536-9eba-2dab0c1e8c74,https://peptidepeak.online/wp-content/uploads/2026/04/Hexarelin-Acetate-Updated.jpg,,0
d4f6bdb4-5d4a-4ba9-a80a-10c6d4820eb7,a9d76e10-b9b5-4ae8-9fd8-059d51703037,https://tbgmkqklkshkjfhcqtzz.supabase.co/storage/v1/object/public/catalog-heroes/humanin.png,,0
d78d0f0d-ebae-49ba-bad0-94258cb87922,3092f865-d97d-4866-9cd3-34ef70f33eb7,https://peptidepeak.online/wp-content/uploads/2026/04/LC120_Product-Card_alt3.jpg,,0
d8fe246b-55f8-4a49-9b25-319535504668,50038386-cd34-4331-bddd-7c83aad51efa,https://tbgmkqklkshkjfhcqtzz.supabase.co/storage/v1/object/public/catalog-heroes/adipotide.png,,0
d9278523-b302-4f47-a1aa-b69d6ab0849e,1714b44b-cc9c-4bc9-b1d2-3da33d8e483d,https://peptidepeak.online/wp-content/uploads/2025/04/fusion-t-bol-25mg-50-tablets_1-800x800-1.jpg,,0
da8bdf19-4677-4833-8db5-f76c448fcc1a,5dc2222e-3db2-4e69-8bbe-c62f7b7b08b0,https://tbgmkqklkshkjfhcqtzz.supabase.co/storage/v1/object/public/catalog-heroes/peptide-r.png,,0
dcbd46b2-b5fa-4deb-8a3a-fb31e7efe23e,f0afb426-1f17-411d-ac47-ddbdf4868cd2,https://tbgmkqklkshkjfhcqtzz.supabase.co/storage/v1/object/public/catalog-heroes/tnt-400-400mg.jpg,,0
dd3a7638-2aa1-449d-8c15-d28b6dcf8d46,7030b258-504b-4f58-8a1b-af4a30ca290d,https://peptidepeak.online/wp-content/uploads/2026/04/P-21adamantane.jpg,,0
de48e39c-0806-46b1-80e8-69d6826fd214,b5b4fb53-8acb-49c4-8d9a-97975044af0c,https://tbgmkqklkshkjfhcqtzz.supabase.co/storage/v1/object/public/catalog-heroes/winstrol-25mg-50-tablets.png,,0
df37794f-7e2c-4064-91c4-ad2a0108aaeb,24e430bb-8e82-46c3-b302-5198a2137e73,https://peptidepeak.online/wp-content/uploads/2026/04/Sermorelin.jpg,,0
e00140e3-5e22-48d7-a30d-136c0c199750,f7f78c48-7b8b-410d-8363-353da9ec55af,https://tbgmkqklkshkjfhcqtzz.supabase.co/storage/v1/object/public/catalog-heroes/peptide-r-20mg.png,,0
e06b7cad-0e2b-4813-b08b-d521d4f95be6,30814c98-d858-45a8-9036-1f21663d54ac,https://tbgmkqklkshkjfhcqtzz.supabase.co/storage/v1/object/public/catalog-heroes/semaglutide.png,,0
e09d5a5a-f3a3-49bf-ae59-13f53496836c,1a143525-9a56-4c28-8127-23a0dd7d7d56,https://peptidepeak.online/wp-content/uploads/2025/04/fusion-drosnatolone-enanthate-200mg-10-ml_1-800x800-1.jpg,,0
e1acf567-0178-427e-a6a9-46e813a0e2cb,867173b9-8251-47f7-a3d6-2ada7d8e18bf,https://tbgmkqklkshkjfhcqtzz.supabase.co/storage/v1/object/public/catalog-heroes/tnt-200-200mg.jpg,,0
e25911ed-8aed-47cf-9c0f-b3083275c3e5,b504b64f-415b-47fa-930c-c7ec2eb89c1d,https://peptidepeak.online/wp-content/uploads/2026/04/CJC-1295Ipamorelin.jpg,,0
e28af26c-3eb2-48a0-b52d-f074c1a644e6,c4043840-e329-4199-b525-c7a522ceae14,https://peptidepeak.online/wp-content/uploads/2025/04/dynamic-deca-durabolin-250mg-10-ml_1-800x800-1.jpg,,0
e40c1ad5-a9b6-44e1-82f8-7ddc1fae38c8,71ad2aed-d521-4b01-a453-d8534f63eeb5,https://tbgmkqklkshkjfhcqtzz.supabase.co/storage/v1/object/public/catalog-heroes/peptide-s-15mg.png,,0
e4aa82bb-28ba-43d5-b46c-6dd42b6b5ca0,f2551b53-5073-43d1-8eed-33c76e127d65,https://peptidepeak.online/wp-content/uploads/2026/04/epithalon-5.jpg,,0
e610a604-d892-491b-9753-1db9be77a97c,1dbe0ad0-6cb2-4505-8b12-eedcac1e08a5,https://tbgmkqklkshkjfhcqtzz.supabase.co/storage/v1/object/public/catalog-heroes/bpc-157-tb-500-blend.png,,0
e7ebffa5-9d0b-47cc-a488-f070ca530f04,9c37b38c-ede5-4392-983c-3669790e8508,https://tbgmkqklkshkjfhcqtzz.supabase.co/storage/v1/object/public/catalog-heroes/klow-10mg-10mg-10mg-50mg.png,,0
e7fcf460-d1a7-4d68-bd70-0186517abdb8,f1eadc0f-738c-41e9-9dd6-6292067d1cb4,https://peptidepeak.online/wp-content/uploads/2026/04/Bacteriostatic-Water.jpg,,0
ea0c9d9e-be29-4641-88f8-6dc855663c5f,8c98fa62-e30c-41b0-a331-7f4743bd4ab0,https://peptidepeak.online/wp-content/uploads/2025/04/fusion-superman-50mg-50-tablets_1-800x800-1.jpg,,0
edcbbc2e-d540-400a-b7a1-be3d241b64df,e58a267a-0e68-438b-8ec1-876241dc6cb0,https://tbgmkqklkshkjfhcqtzz.supabase.co/storage/v1/object/public/catalog-heroes/peptide-t-100mg.png,,0
edebcb86-e23b-4989-85a7-1b83a8188aef,58146650-99d8-4088-b1d2-e07b538d3fec,https://tbgmkqklkshkjfhcqtzz.supabase.co/storage/v1/object/public/catalog-heroes/bac-water.png,,0
ee811877-d6d6-408c-a772-2a8eb57fa3ed,c82647ff-bd4e-4b9a-b23e-286f4788854a,https://tbgmkqklkshkjfhcqtzz.supabase.co/storage/v1/object/public/catalog-heroes/acetic-acid-0-6-3ml.png,,0
ee8dc9ea-2ae1-4de7-887a-d247a069f4ae,b76f2f34-a280-46fc-a2b3-190245e35ac0,https://tbgmkqklkshkjfhcqtzz.supabase.co/storage/v1/object/public/catalog-heroes/vip.png,,0
eef60baf-b31d-460d-9a19-1356a2702d29,d443ed45-5165-4d1c-bb3f-5327404a6cdd,https://peptidepeak.online/wp-content/uploads/2025/04/vita-ghrp-5mg_1-800x800-1.jpg,,0
ef6d13d0-1ef1-4491-8f16-6dea81819b3a,dc7250a1-4a4a-4a4c-b1df-a885d8023e03,https://peptidepeak.online/wp-content/uploads/2025/04/dynamic-npp-150mg-10-ml_1-800x800-1.jpg,,0
f05063e3-6088-4da2-92f6-bc9d7e2415ae,36f13832-d98a-413e-9f2e-1e627d7a86c4,https://peptidepeak.online/wp-content/uploads/2026/04/Selank-TP-7_Product-Card_alt1.jpg,,0
f133e784-7e6a-4e38-9d16-ed19ba53a1f1,bf95dfb3-dee5-462c-ba9c-a8842cbdec09,https://tbgmkqklkshkjfhcqtzz.supabase.co/storage/v1/object/public/catalog-heroes/mgf.png,,0
f1478cb1-15ad-4013-a3e9-52f5c7b00476,8bd7c110-ff28-47aa-89ea-0371f5c20e2b,https://peptidepeak.online/wp-content/uploads/2025/04/dynamic-mk-906-5mg-50tablets_1-800x800-1.jpg,,0
f18e12c9-a05e-4e4d-9126-15e3ff28ee99,3d94e9fc-4256-4d1d-8dd1-93ddc9c3e256,https://tbgmkqklkshkjfhcqtzz.supabase.co/storage/v1/object/public/catalog-heroes/tren-a-100mg.jpg,,0
f2616ba3-1d6b-4cee-a5bb-c09b78b50cf8,d1184cf2-13e9-4e6c-8533-3f327298404c,https://tbgmkqklkshkjfhcqtzz.supabase.co/storage/v1/object/public/catalog-heroes/mt-1.png,,0
f2fe4c05-49e9-4f1c-8a58-2d66c7e7fe86,eeca8261-873e-4bb5-982c-159bdbf2a9e7,https://tbgmkqklkshkjfhcqtzz.supabase.co/storage/v1/object/public/catalog-heroes/dsip-5mg.png,,0
f32834f1-bc3a-4aea-aff0-10fea5e27227,74929131-2081-4cdb-8228-92c2ea47506a,https://tbgmkqklkshkjfhcqtzz.supabase.co/storage/v1/object/public/catalog-heroes/zio-shredz-20mg-50-tablets.png,,0
f6f90470-3ae4-466f-8803-99f14b420b59,4f25dc8a-39bd-499b-9aec-3b32d0517e0f,https://peptidepeak.online/wp-content/uploads/2026/04/KPV.jpg,,0
f71a3b9e-1e60-42d2-af49-4c9cbcda1f1c,a28c73d5-f221-44ff-854d-95167740f1bf,https://peptidepeak.online/wp-content/uploads/2025/04/dynamic-primo-200mg-10-ml_1-800x800-1.jpg,,0
f89ba175-cbf8-4a61-ba83-2776abca64b1,2e521bde-aabf-4937-958e-4a511ea88756,https://peptidepeak.online/wp-content/uploads/2026/04/GHK-Cu.jpg,,0
f8c14e87-184c-4b74-9b4b-ca3f80e383c1,9c27c54d-4390-4d94-a434-0e5dd1e12020,https://tbgmkqklkshkjfhcqtzz.supabase.co/storage/v1/object/public/catalog-heroes/teso-ns2330.png,,0
f92b74ba-a589-4e5f-a151-2563735a81cd,fd1dbf39-5793-4199-be05-000087fa711d,https://peptidepeak.online/wp-content/uploads/2025/04/dynamic-eq-boldenone-250mg-10-ml_1-800x800-1.jpg,,0
fbd49ef7-b0a6-4c45-baca-491b58bd713f,dcc2ea87-5cc6-46b1-8dd1-966a3a4b7b78,https://peptidepeak.online/wp-content/uploads/2025/04/dynamic-clenbuterol-50mcg-50-tablets_1a-800x800-1.jpg,,0
fc231cfd-1781-41ce-ab46-1b692608987f,02ab2421-436f-434d-b8c6-0db912c3c0b0,https://tbgmkqklkshkjfhcqtzz.supabase.co/storage/v1/object/public/catalog-heroes/glp-2-t.png,,0
fcbf3c9e-79a3-444e-a559-b712bce47159,af16d561-54b0-48c2-a755-9cdd1a99c44c,https://tbgmkqklkshkjfhcqtzz.supabase.co/storage/v1/object/public/catalog-heroes/testosterone-propionate-100mg.png,,0
fdc181a6-716b-4d91-a2bf-97797d1285b7,b14dd91e-541e-440c-9027-38e1b50360ad,https://tbgmkqklkshkjfhcqtzz.supabase.co/storage/v1/object/public/catalog-heroes/glp-1-s.png,,0